{"cameraMode":{"drawMode":0,"name":"Shaded","section":"Shading Mode"},"sceneLighting":false,"audioPlay":false,"sceneViewState":{"showFog":true,"showMaterialUpdate":false,"showSkybox":true,"showFlares":true,"showImageEffects":true,"showParticleSystems":true},"in2DMode":false,"pivot":{"x":-0.2298419028520584,"y":-0.38886237144470217,"z":-0.301938533782959},"rotation":{"x":-0.42610108852386477,"y":0.3814035654067993,"z":-0.204569011926651,"w":-0.7944332957267761},"size":3.253880739212036,"orthographic":false}